Dougherty,Antwan,adougherty556,Phi-FR
Knox,Patrick,pknoxx539,Art-SR
Parrish,Shane,sparrish474,Ger-SO
Kerr,Jerome,jkerrx130,Jou-SR
Foley,Adriel,afoley752,Avi-JR
Wagner,Seamus,swagner837,Ele-SR
Hobbs,Ashton,ahobbs844,Urb-FR
Petty,Evie,epetty205,Pub-SO
Myers,Leandro,lmyers183,Cou-SR
Roberts,Julia,jroberts830,Lib-FR
Brandt,Lukas,lbrandt112,Med-FR
Livingston,Alani,alivingston006,Urb-SO
Peterson,Jamiya,jpeterson639,Med-JR
Roy,Kirsten,kroyx825,Man-FR
Copeland,Johnny,jcopeland583,Int-FR
Wong,Amirah,awongx533,Cre-SO
Kline,Luciano,lkline201,Cyb-SO
Joseph,Lance,ljoseph641,Bio-SR
Rangel,Paula,prangel431,Neu-SR
Massey,Jamie,jmassey853,Mus-SR
Rubio,Karli,krubio755,Exe-SR
Mcguire,Ellis,emcguire534,Con-JR
Oliver,Madyson,moliver668,Sec-FR
Fry,Serenity,sfryx411,Ele-JR
Leon,Jaliyah,jleonx981,Geo-SO
Guerrero,Parker,pguerrero247,Pol-FR
Kemp,Milagros,mkempx897,Avi-SR
Garza,Aniya,agarza601,Edu-FR
Roberts,Zoe,zroberts528,The-SO
Chan,Ryder,rchanx239,Com-SR
Norton,Antonio,anorton172,Mus-SR
Kim,Jazlene,jkimx224,Com-JR
Cox,America,acoxx781,Avi-SR
Rogers,Colby,crogers208,Soc-SR
Conrad,Stella,sconrad746,Bio-SO
Mccullough,Micheal,mmccullough223,Hea-SR
Hardy,Kolby,khardy119,Mus-JR
Tapia,Sophia,stapia838,Che-FR
Jacobson,Addison,ajacobson891,Con-JR
Terrell,Aimee,aterrell390,Eme-FR
Cannon,Abagail,acannon376,Avi-FR
Conrad,Donald,dconrad782,Man-JR
Medina,Tiana,tmedina667,Edu-JR
Vasquez,Edwin,evasquez466,Sec-SO
Mcclain,Sofia,smcclain732,Pub-SR
Nash,Braylon,bnashx498,Inf-FR
Buchanan,Chaya,cbuchanan425,For-SR
Juarez,Charlize,cjuarez304,Rel-SR
Yu,Xzavier,xyux036,Ger-SO
Kent,Timothy,tkentx916,Jou-FR
Jones,Bailee,bjones121,Bio-SR
Hoover,Elizabeth,ehoover898,Eng-FR
Ramos,Jaida,jramos123,Avi-SR
Livingston,Perla,plivingston240,Con-SR
Simpson,Shayna,ssimpson529,Eme-SO
Dawson,Jan,jdawson556,Wri-JR
Huffman,Aryana,ahuffman629,Mul-SO
Fernandez,Hillary,hfernandez684,Wom-JR
Barnes,Hillary,hbarnes360,Com-FR
Parks,Kayla,kparks990,Eco-SR
Murphy,Todd,tmurphy455,Sch-FR
Kelley,Melissa,mkelley398,Arc-SR
Gross,Abbigail,agross563,Ath-SO
Benton,Alina,abenton825,Spe-SO
Klein,Jadon,jklein317,Com-SO
Love,Saul,slovex880,Inf-SO
Galvan,Ingrid,igalvan204,Neu-FR
Logan,Zachery,zlogan143,Kin-FR
Singleton,Rubi,rsingleton219,Soc-SO
Esparza,Emiliano,eesparza346,Man-JR
Salazar,Sierra,ssalazar642,Cou-FR
Blair,Ashlyn,ablair906,Acc-SR
Barrera,Destiney,dbarrera582,Com-JR
Good,Armani,agoodx042,Bio-FR
Mcneil,Maximus,mmcneil765,Cre-JR
Peters,Jalen,jpeters543,Ath-JR
Preston,Chana,cpreston732,Inf-SR
Simmons,Asia,asimmons665,Mus-FR
Mccarty,Ronan,rmccarty097,Bio-SO
Mitchell,Adrianna,amitchell124,Arc-FR
Evans,Molly,mevans887,His-SR
Mcclure,Lilah,lmcclure119,Sch-SR
Riddle,Lola,lriddle430,Psy-JR
Novak,Khloe,knovak114,Soc-JR
Harding,Elyse,eharding535,Lit-SR
Clark,Aditya,aclark822,Mat-FR
Patterson,Alvin,apatterson967,Edu-SR
Benson,Deegan,dbenson951,For-FR
Mcbride,Aaron,amcbride611,Eng-SR
West,Lilyana,lwestx516,Acc-SO
Liu,Connor,cliux936,Cri-SO
Camacho,Asher,acamacho735,Pol-SO
Hancock,Myles,mhancock239,Mat-SO
Cook,Asher,acookx286,Ger-SO
Tanner,Cale,ctanner834,Pol-SO
Hester,Trent,thester168,Wri-SO
Romero,Cristofer,cromero870,Bla-SO
Caldwell,Maren,mcaldwell745,Acc-SO
Long,Matthew,mlongx733,Civ-FR
Booker,Remington,rbooker222,The-JR
